{
  "total_time_ms": 75.10474883019924,
  "total_operations": 9,
  "success_rate": 0.8888888888888888,
  "total_errors": 1,
  "operations": {
    "list_issues_parse": {
      "count": 1,
      "total_ms": 0.02170889638364315,
      "avg_ms": 0.02170889638364315,
      "min_ms": 0.02170889638364315,
      "max_ms": 0.02170889638364315,
      "throughput_ops_per_sec": 46064.06435075451,
      "errors": 0
    },
    "get_team_members_api": {
      "count": 1,
      "total_ms": 12.521415948867798,
      "avg_ms": 12.521415948867798,
      "min_ms": 12.521415948867798,
      "max_ms": 12.521415948867798,
      "throughput_ops_per_sec": 79.86317235076127,
      "errors": 0
    },
    "get_milestones_api": {
      "count": 1,
      "total_ms": 17.207332886755466,
      "avg_ms": 17.207332886755466,
      "min_ms": 17.207332886755466,
      "max_ms": 17.207332886755466,
      "throughput_ops_per_sec": 58.11475878226909,
      "errors": 0
    },
    "fetch_issue_details": {
      "count": 1,
      "total_ms": 10.016124928370118,
      "avg_ms": 10.016124928370118,
      "min_ms": 10.016124928370118,
      "max_ms": 10.016124928370118,
      "throughput_ops_per_sec": 99.83901031101914,
      "errors": 0
    },
    "validate_issue_data": {
      "count": 1,
      "total_ms": 0.014750054106116295,
      "avg_ms": 0.014750054106116295,
      "min_ms": 0.014750054106116295,
      "max_ms": 0.014750054106116295,
      "throughput_ops_per_sec": 67796.36147811399,
      "errors": 0
    },
    "read_config_file": {
      "count": 1,
      "total_ms": 6.260749883949757,
      "avg_ms": 6.260749883949757,
      "min_ms": 6.260749883949757,
      "max_ms": 6.260749883949757,
      "throughput_ops_per_sec": 159.725275491939,
      "errors": 0
    },
    "format_output": {
      "count": 1,
      "total_ms": 0.2544580493122339,
      "avg_ms": 0.2544580493122339,
      "min_ms": 0.2544580493122339,
      "max_ms": 0.2544580493122339,
      "throughput_ops_per_sec": 3929.9208757705496,
      "errors": 0
    },
    "sync_to_github": {
      "count": 1,
      "total_ms": 25.025375187397003,
      "avg_ms": 25.025375187397003,
      "min_ms": 25.025375187397003,
      "max_ms": 25.025375187397003,
      "throughput_ops_per_sec": 39.959440867987816,
      "errors": 0
    },
    "fetch_with_retry": {
      "count": 1,
      "total_ms": 3.782832995057106,
      "avg_ms": 3.782832995057106,
      "min_ms": 3.782832995057106,
      "max_ms": 3.782832995057106,
      "throughput_ops_per_sec": 264.35214065930603,
      "errors": 1
    }
  },
  "baseline_timestamp": "2025-12-16T13:41:29.065079",
  "iterations_run": 3
}