{
  "total_time_ms": 32.728458289057016,
  "total_operations": 10,
  "success_rate": 1.0,
  "total_errors": 0,
  "operations": {
    "initialize": {
      "count": 1,
      "total_ms": 1.6802921891212463,
      "avg_ms": 1.6802921891212463,
      "min_ms": 1.6802921891212463,
      "max_ms": 1.6802921891212463,
      "throughput_ops_per_sec": 595.1345881831282,
      "errors": 0
    },
    "create_milestone": {
      "count": 1,
      "total_ms": 2.0165001042187214,
      "avg_ms": 2.0165001042187214,
      "min_ms": 2.0165001042187214,
      "max_ms": 2.0165001042187214,
      "throughput_ops_per_sec": 495.90872715944784,
      "errors": 0
    },
    "create_issues": {
      "count": 1,
      "total_ms": 5.606041988357902,
      "avg_ms": 5.606041988357902,
      "min_ms": 5.606041988357902,
      "max_ms": 5.606041988357902,
      "throughput_ops_per_sec": 178.3789707741586,
      "errors": 0
    },
    "assign_to_milestone": {
      "count": 1,
      "total_ms": 8.045790949836373,
      "avg_ms": 8.045790949836373,
      "min_ms": 8.045790949836373,
      "max_ms": 8.045790949836373,
      "throughput_ops_per_sec": 124.28858843521617,
      "errors": 0
    },
    "list_issues": {
      "count": 1,
      "total_ms": 5.421000067144632,
      "avg_ms": 5.421000067144632,
      "min_ms": 5.421000067144632,
      "max_ms": 5.421000067144632,
      "throughput_ops_per_sec": 184.46780808226836,
      "errors": 0
    },
    "list_by_milestone": {
      "count": 1,
      "total_ms": 4.532875027507544,
      "avg_ms": 4.532875027507544,
      "min_ms": 4.532875027507544,
      "max_ms": 4.532875027507544,
      "throughput_ops_per_sec": 220.61053832976776,
      "errors": 0
    },
    "get_issue": {
      "count": 1,
      "total_ms": 1.0253749787807465,
      "avg_ms": 1.0253749787807465,
      "min_ms": 1.0253749787807465,
      "max_ms": 1.0253749787807465,
      "throughput_ops_per_sec": 975.2529764175449,
      "errors": 0
    },
    "update_issue": {
      "count": 1,
      "total_ms": 2.9623329173773527,
      "avg_ms": 2.9623329173773527,
      "min_ms": 2.9623329173773527,
      "max_ms": 2.9623329173773527,
      "throughput_ops_per_sec": 337.5717813936091,
      "errors": 0
    },
    "list_milestones": {
      "count": 1,
      "total_ms": 0.7067080587148666,
      "avg_ms": 0.7067080587148666,
      "min_ms": 0.7067080587148666,
      "max_ms": 0.7067080587148666,
      "throughput_ops_per_sec": 1415.0114572323944,
      "errors": 0
    },
    "get_milestone": {
      "count": 1,
      "total_ms": 0.731542007997632,
      "avg_ms": 0.731542007997632,
      "min_ms": 0.731542007997632,
      "max_ms": 0.731542007997632,
      "throughput_ops_per_sec": 1366.9754970561266,
      "errors": 0
    }
  },
  "baseline_timestamp": "2025-12-16T13:45:14.734487",
  "measurement_type": "real_operations"
}