{
  "total_time_ms": 190.17903972417116,
  "total_operations": 42,
  "success_rate": 1.0,
  "total_errors": 0,
  "operations": {
    "CORE: initialize": {
      "count": 1,
      "total_ms": 1.802333164960146,
      "avg_ms": 1.802333164960146,
      "min_ms": 1.802333164960146,
      "max_ms": 1.802333164960146,
      "throughput_ops_per_sec": 554.8363751172012,
      "errors": 0
    },
    "MILESTONE: create": {
      "count": 1,
      "total_ms": 4.204417113214731,
      "avg_ms": 4.204417113214731,
      "min_ms": 4.204417113214731,
      "max_ms": 4.204417113214731,
      "throughput_ops_per_sec": 237.84509792259692,
      "errors": 0
    },
    "MILESTONE: list": {
      "count": 1,
      "total_ms": 2.1172920241951942,
      "avg_ms": 2.1172920241951942,
      "min_ms": 2.1172920241951942,
      "max_ms": 2.1172920241951942,
      "throughput_ops_per_sec": 472.3014060283493,
      "errors": 0
    },
    "MILESTONE: view": {
      "count": 1,
      "total_ms": 4.90387505851686,
      "avg_ms": 4.90387505851686,
      "min_ms": 4.90387505851686,
      "max_ms": 4.90387505851686,
      "throughput_ops_per_sec": 203.92036666253125,
      "errors": 0
    },
    "MILESTONE: update": {
      "count": 1,
      "total_ms": 4.458083072677255,
      "avg_ms": 4.458083072677255,
      "min_ms": 4.458083072677255,
      "max_ms": 4.458083072677255,
      "throughput_ops_per_sec": 224.31165675866612,
      "errors": 0
    },
    "MILESTONE: recalculate": {
      "count": 1,
      "total_ms": 0.0003341119736433029,
      "avg_ms": 0.0003341119736433029,
      "min_ms": 0.0003341119736433029,
      "max_ms": 0.0003341119736433029,
      "throughput_ops_per_sec": 2993008.568641115,
      "errors": 0
    },
    "ISSUE: create (50 issues)": {
      "count": 1,
      "total_ms": 61.9868328794837,
      "avg_ms": 61.9868328794837,
      "min_ms": 61.9868328794837,
      "max_ms": 61.9868328794837,
      "throughput_ops_per_sec": 16.132458355215924,
      "errors": 0
    },
    "ISSUE: list": {
      "count": 1,
      "total_ms": 44.35149999335408,
      "avg_ms": 44.35149999335408,
      "min_ms": 44.35149999335408,
      "max_ms": 44.35149999335408,
      "throughput_ops_per_sec": 22.547151734436188,
      "errors": 0
    },
    "ISSUE: view": {
      "count": 1,
      "total_ms": 1.2892079539597034,
      "avg_ms": 1.2892079539597034,
      "min_ms": 1.2892079539597034,
      "max_ms": 1.2892079539597034,
      "throughput_ops_per_sec": 775.6700514673188,
      "errors": 0
    },
    "ISSUE: update": {
      "count": 1,
      "total_ms": 1.8398750107735395,
      "avg_ms": 1.8398750107735395,
      "min_ms": 1.8398750107735395,
      "max_ms": 1.8398750107735395,
      "throughput_ops_per_sec": 543.5151812728678,
      "errors": 0
    },
    "ISSUE: assign_to_milestone (20 issues)": {
      "count": 1,
      "total_ms": 10.451207868754864,
      "avg_ms": 10.451207868754864,
      "min_ms": 10.451207868754864,
      "max_ms": 10.451207868754864,
      "throughput_ops_per_sec": 95.68272036666878,
      "errors": 0
    },
    "ISSUE: close": {
      "count": 1,
      "total_ms": 1.8893328960984945,
      "avg_ms": 1.8893328960984945,
      "min_ms": 1.8893328960984945,
      "max_ms": 1.8893328960984945,
      "throughput_ops_per_sec": 529.2873490241013,
      "errors": 0
    },
    "ISSUE: start": {
      "count": 1,
      "total_ms": 1.8444580491632223,
      "avg_ms": 1.8444580491632223,
      "min_ms": 1.8444580491632223,
      "max_ms": 1.8444580491632223,
      "throughput_ops_per_sec": 542.1646756637655,
      "errors": 0
    },
    "ISSUE: block": {
      "count": 1,
      "total_ms": 1.8057078123092651,
      "avg_ms": 1.8057078123092651,
      "min_ms": 1.8057078123092651,
      "max_ms": 1.8057078123092651,
      "throughput_ops_per_sec": 553.7994537007237,
      "errors": 0
    },
    "ISSUE: unblock": {
      "count": 1,
      "total_ms": 1.6903330106288195,
      "avg_ms": 1.6903330106288195,
      "min_ms": 1.6903330106288195,
      "max_ms": 1.6903330106288195,
      "throughput_ops_per_sec": 591.599403024136,
      "errors": 0
    },
    "ISSUE: progress": {
      "count": 1,
      "total_ms": 0.0004169996827840805,
      "avg_ms": 0.0004169996827840805,
      "min_ms": 0.0004169996827840805,
      "max_ms": 0.0004169996827840805,
      "throughput_ops_per_sec": 2398083.359017309,
      "errors": 0
    },
    "ISSUE: list_by_milestone (grouped)": {
      "count": 1,
      "total_ms": 45.01695791259408,
      "avg_ms": 45.01695791259408,
      "min_ms": 45.01695791259408,
      "max_ms": 45.01695791259408,
      "throughput_ops_per_sec": 22.213851098993008,
      "errors": 0
    },
    "ISSUE: get_backlog": {
      "count": 1,
      "total_ms": 0.04600011743605137,
      "avg_ms": 0.04600011743605137,
      "min_ms": 0.04600011743605137,
      "max_ms": 0.04600011743605137,
      "throughput_ops_per_sec": 21739.074935845198,
      "errors": 0
    },
    "ISSUE: archive": {
      "count": 1,
      "total_ms": 0.4755000118166208,
      "avg_ms": 0.4755000118166208,
      "min_ms": 0.4755000118166208,
      "max_ms": 0.4755000118166208,
      "throughput_ops_per_sec": 2103.0493693986605,
      "errors": 0
    },
    "MILESTONE: archive": {
      "count": 1,
      "total_ms": 0.00029103830456733704,
      "avg_ms": 0.00029103830456733704,
      "min_ms": 0.00029103830456733704,
      "max_ms": 0.00029103830456733704,
      "throughput_ops_per_sec": 3435973.8367999997,
      "errors": 0
    },
    "COMMENT: create": {
      "count": 1,
      "total_ms": 0.0004169996827840805,
      "avg_ms": 0.0004169996827840805,
      "min_ms": 0.0004169996827840805,
      "max_ms": 0.0004169996827840805,
      "throughput_ops_per_sec": 2398083.359017309,
      "errors": 0
    },
    "COMMENT: list": {
      "count": 1,
      "total_ms": 0.00020815059542655945,
      "avg_ms": 0.00020815059542655945,
      "min_ms": 0.00020815059542655945,
      "max_ms": 0.00020815059542655945,
      "throughput_ops_per_sec": 4804213.977628635,
      "errors": 0
    },
    "COMMENT: edit": {
      "count": 1,
      "total_ms": 0.000250060111284256,
      "avg_ms": 0.000250060111284256,
      "min_ms": 0.000250060111284256,
      "max_ms": 0.000250060111284256,
      "throughput_ops_per_sec": 3999038.450651769,
      "errors": 0
    },
    "COMMENT: delete": {
      "count": 1,
      "total_ms": 0.00020908191800117493,
      "avg_ms": 0.00020908191800117493,
      "min_ms": 0.00020908191800117493,
      "max_ms": 0.00020908191800117493,
      "throughput_ops_per_sec": 4782814.3608017815,
      "errors": 0
    },
    "PROJECT: create": {
      "count": 1,
      "total_ms": 0.00020791776478290558,
      "avg_ms": 0.00020791776478290558,
      "min_ms": 0.00020791776478290558,
      "max_ms": 0.00020791776478290558,
      "throughput_ops_per_sec": 4809593.836506159,
      "errors": 0
    },
    "PROJECT: list": {
      "count": 1,
      "total_ms": 0.000250060111284256,
      "avg_ms": 0.000250060111284256,
      "min_ms": 0.000250060111284256,
      "max_ms": 0.000250060111284256,
      "throughput_ops_per_sec": 3999038.450651769,
      "errors": 0
    },
    "PROJECT: view": {
      "count": 1,
      "total_ms": 0.00020791776478290558,
      "avg_ms": 0.00020791776478290558,
      "min_ms": 0.00020791776478290558,
      "max_ms": 0.00020791776478290558,
      "throughput_ops_per_sec": 4809593.836506159,
      "errors": 0
    },
    "PROJECT: update": {
      "count": 1,
      "total_ms": 0.00020791776478290558,
      "avg_ms": 0.00020791776478290558,
      "min_ms": 0.00020791776478290558,
      "max_ms": 0.00020791776478290558,
      "throughput_ops_per_sec": 4809593.836506159,
      "errors": 0
    },
    "PROJECT: archive": {
      "count": 1,
      "total_ms": 0.0001671724021434784,
      "avg_ms": 0.0001671724021434784,
      "min_ms": 0.0001671724021434784,
      "max_ms": 0.0001671724021434784,
      "throughput_ops_per_sec": 5981848.601671309,
      "errors": 0
    },